ad messages for billboards,for website,for salesman
"""Elevate Your Style with Affordable Fashion!""","""Welcome to [Your Brand]: Where Affordable Meets Stylish!""","""Welcome! We're [Your Brand] your go-to destination for affordable fashion."""
"""Chic Looks Wallet-Friendly Prices!""","""Explore the Latest Fashion Trends All at Budget-Friendly Prices!""","""Hello there! I'm excited to introduce you to our brand [Your Brand]."""
"""Fashion Finds that Won't Break the Bank!""","""Shop Smart Dress Smarter - Discover Our Affordable Collections!""","""Good day! Have you heard of [Your Brand]? We specialize in stylish and budget-friendly clothing."""
"""Affordable Fashion for Every Wardrobe!""","""Quality Clothing Unbeatable Prices – That's Our Promise!""","""Hi I'm [Salesperson's Name] and I'd like to tell you about our brand [Your Brand]."""
"""Dress Well Pay Less!""","""Your Fashion Destination for Affordable Elegance!""","""Greetings! Allow me to introduce you to [Your Brand] your new favorite fashion retailer."""
"""Your Affordable Fashion Destination!""","""Find Your Signature Style Without Breaking the Bank!""","""Hello! I'm here to share the story of [Your Brand] your source for quality affordable fashion."""
"""Step into Style - Affordable & Fabulous!""","""Elevate Your Wardrobe with Our Affordable Fashion!""","""Hey there! You're in for a treat as I introduce you to [Your Brand] and our fantastic clothing options."""
"""Quality Fashion Affordable Choices!""","""Shop Affordable Look Fabulous!""","""Hi I'm [Salesperson's Name] and I represent [Your Brand] where fashion meets affordability."""
"""Where Style Meets Savings!""","""Fashion that Fits Your Budget and Your Personality!""","""Welcome to [Your Brand] where we bring affordable fashion to your doorstep."""
"""Upgrade Your Wardrobe Not Your Budget!""","""Join the Fashion Revolution - Affordable & Chic!""","""Good day! Let me tell you about [Your Brand] your next fashion destination."""
"""Affordable Elegance Every Day!""","""Every Outfit Tells a Story; Let Us Help You Tell Yours!""","""Hello there! I'm here to introduce you to [Your Brand] your new fashion go-to."""
"""Discover Affordable Fashion Delights!""","""Affordable Fashion for Every Occasion and Every Body!""","""Greetings! I'd like to introduce you to [Your Brand] where fashion meets your budget."""
"""Fashionable & Affordable – A Perfect Match!""","""Your One-Stop Shop for Affordable Fashion Essentials!""","""Hi I'm [Salesperson's Name] and I'm excited to share our brand [Your Brand] with you."""
"""Stylish Choices Affordable Prices!""","""Unleash Your Inner Fashionista with Our Budget-Friendly Styles!""","""Welcome! Have you heard of [Your Brand]? We offer fashion that won't break the bank."""
"""Fashion for Everyone Affordable for All!""","""Upgrade Your Closet Not Your Spending!""","""Hello! Get ready to discover [Your Brand] where style and savings go hand in hand."""
"""Your Style Your Savings!""","""Affordable Fashion: Where Style Meets Savings!""","""Hey there! Allow me to introduce you to [Your Brand] your affordable fashion destination."""
"""Unleash Your Style Potential – Affordable & Trendy!""","""Discover the Joy of Dressing Well Affordably!""","""Hi I'm [Salesperson's Name] and I represent [Your Brand] your source for budget-friendly style."""
"""Fashion That Fits Your Budget!""","""Quality You Can Trust Prices You'll Love!""","""Greetings! Let me tell you about [Your Brand] where quality fashion meets reasonable prices."""
"""Affordable Fashion Uncompromised Quality!""","""Elevate Your Look with Our Affordable Collections!""","""Good day! I'm here to share the story of [Your Brand] your gateway to affordable fashion."""
"""Elevate Your Look Without Emptying Your Wallet!""","""Affordable Fashion Exceptional Quality!""","""Hello! Welcome to [Your Brand] where fashion is accessible to everyone."""
"""Affordable Fashion Finds Await You!""","""Fashionable Choices Wallet-Friendly Prices!""","""Hello there! I'm excited to introduce you to [Your Brand] your new fashion discovery."""
"""Quality Fashion Affordable Lifestyle!""","""Dress Well Spend Wisely – Shop with Us!""","""Hi I'm [Salesperson's Name] and I'd like to tell you about our brand [Your Brand]."""
"""Your Fashion Our Passion – Affordable Always!""","""Affordable Elegance Always in Stock!""","""Greetings! Allow me to introduce you to [Your Brand] your stylish and budget-friendly choice."""
"""Affordable Fashion for All Ages!""","""Your Style Your Savings - Start Shopping Now!""","""Hey there! You're in for a treat as I introduce you to [Your Brand] and our fantastic clothing options."""
"""Elegance Meets Economy in Every Stitch!""","""Revamp Your Wardrobe without Emptying Your Wallet!""","""Hi I'm [Salesperson's Name] and I represent [Your Brand] where fashion meets affordability."""
"""Stay in Style Stay on Budget!""","""Shop Affordable Stay Trendy!""","""Welcome to [Your Brand] where we bring affordable fashion to your doorstep."""
"""Affordable Looks for Every Season!""","""Affordable Fashion for Every Taste and Every Budget!""","""Good day! Let me tell you about [Your Brand] your next fashion destination."""
"""Step Up Your Style Game with Us!""","""Affordable Style Delivered to Your Doorstep!""","""Hello there! I'm here to introduce you to [Your Brand] your new fashion go-to."""
"""Fashionable Choices Affordable Prices!""","""Elevate Your Outfit Game with Our Affordable Pieces!""","""Greetings! I'd like to introduce you to [Your Brand] where fashion meets your budget."""
"""Where Style Meets Savings – Your Fashion Destination!""","""Stay Fashion-Forward with Our Affordable Collections!""","""Hi I'm [Salesperson's Name] and I'm excited to share our brand [Your Brand] with you."""
"""Affordable Fashion Unbelievable Deals!""","""Experience the Best of Affordable Fashion!""","""Welcome! Have you heard of [Your Brand]? We offer fashion that won't break the bank."""
"""Dress Well Spend Wisely!""","""Discover Quality Fashion Without the High Price Tag!""","""Hello! Get ready to discover [Your Brand] where style and savings go hand in hand."""
"""Quality Fashion Affordable Living!""","""Affordable Chic – Your Path to a Stylish Wardrobe!""","""Hey there! Allow me to introduce you to [Your Brand] your affordable fashion destination."""
"""Affordable Chic – Always in Trend!""","""Your Budget-Friendly Fashion Hub!""","""Hi I'm [Salesperson's Name] and I represent [Your Brand] your source for budget-friendly style."""
"""Revamp Your Wardrobe Not Your Bank Account!""","""Affordable Fashion for Everyone Everywhere!""","""Greetings! Let me tell you about [Your Brand] where quality fashion meets reasonable prices."""
"""Affordable Fashion: Because You Deserve It!""","""Fashion for All Priced for You!""","""Good day! I'm here to share the story of [Your Brand] your gateway to affordable fashion."""
"""Style on a Budget Quality in Every Thread!""","""Upgrade Your Style Game Without Breaking the Bank!""","""Hello! Welcome to [Your Brand] where fashion is accessible to everyone."""
"""Fashionable & Affordable – Your Perfect Pairing!""","""Affordable Fashion Endless Choices!""","""Hello there! I'm excited to introduce you to [Your Brand] your new fashion discovery."""
"""Affordable Fashion Endless Possibilities!""","""Elevate Your Everyday Look with Our Affordable Finds!""","""Hi I'm [Salesperson's Name] and I'd like to tell you about our brand [Your Brand]."""
"""Affordable Fashion for Every Occasion!""","""Affordable Fashion - Your Style Your Price!""","""Greetings! Allow me to introduce you to [Your Brand] your stylish and budget-friendly choice."""
"""Your Style Our Savings – Discover Now!""","""Shop Smart Look Sharp – Affordable Fashion Awaits!""","""Hey there! You're in for a treat as I introduce you to [Your Brand] and our fantastic clothing options."""
"""Affordable Fashion Unmatched Quality!""","""Affordable Luxury for Every Closet!""","""Hi I'm [Salesperson's Name] and I represent [Your Brand] where fashion meets affordability."""
"""Upgrade Your Closet with Our Affordable Styles!""","""Quality Meets Affordability Exclusively Here!""","""Welcome to [Your Brand] where we bring affordable fashion to your doorstep."""
"""Where Style and Savings Converge!""","""Affordable Fashion: Redefining Your Wardrobe!""","""Good day! Let me tell you about [Your Brand] your next fashion destination."""
"""Affordable Fashion Exceptional Choices!""","""Your Affordable Style Solution Starts Here!""","""Hello there! I'm here to introduce you to [Your Brand] your new fashion go-to."""
"""Elevate Your Look Without Emptying Your Wallet!""","""Affordable Fashion Unmatched Variety!""","""Greetings! I'd like to introduce you to [Your Brand] where fashion meets your budget."""
"""Discover the Joy of Affordable Fashion!""","""Experience Affordable Fashion Experience [Your Brand]!""","""Hi I'm [Salesperson's Name] and I'm excited to share our brand [Your Brand] with you."""
"""Fashion That Speaks Your Style Speaks Your Budget!""","""Stylish Choices Sensible Prices – Shop Now!""","""Welcome! Have you heard of [Your Brand]? We offer fashion that won't break the bank."""
"""Affordable Fashion for the Modern You!""","""Elevate Your Fashion Game Not Your Spending!""","""Hello! Get ready to discover [Your Brand] where style and savings go hand in hand."""
"""Affordable Elegance for All!""","""Affordable Fashion - Your Go-To Destination!""","""Hey there! Allow me to introduce you to [Your Brand] your affordable fashion destination."""